,fw_cloning_primer,part,re_cloning_primer
0,GACAAAAACATAATGATGGATTCCAACACTGTGTCAAGCT,Seg8,GGGTGTTTTTTATCATCAAACTTCTGACTCAATTGTTCTC
1,GAGTCAGAAGTTTGATGATAAAAAACACCCTTGTTTCTAC,pDZ_NS,AGTGTTGGAATCCATCATTATGTTTTTGTCACCCTGCTTT
2,CAATCTGTCAAAATGATGAGGACCATCATTGTTCTGAGTT,Seg4,GGGTGTTTTTAACTATCAAATGCAAATGTTGCATCTAATA
3,AACATTTGCATTTGATAGTTAAAAACACCCTTGTTTCTAC,pDZ_HA,AATGATGGTCCTCATCATTTTGACAGATTGAACCCCTGCT
4,AAAAAGTACCTTGTTTAGTTGTGGCAATGCTACTATTTGC,pDZ_PA,CACAAAATCTTCCATCATTTTGAATCAGTACCTGCTTTCG
5,TACTGATTCAAAATGATGGAAGATTTTGTGCGACAATGCT,Seg3,GCATTGCCACAACTAAACAAGGTACTTTTTTGGACAGTAT
6,GACATCCACATCATGATGGCGTCTCAAGGCACCAAACGAT,Seg5,GGGTATTTTTCTTTATTAATTGTCATACTCCTCTGCATTG
7,GAGTATGACAATTAATAAAGAAAAATACCCTTGTTTCTAC,pDZ_NP,GCCTTGAGACGCCATCATGATGTGGATGTCACTCGGTGAG
8,AATATATTCAATATGATGGAGAGAATAAAAGAACTGAGAG,Seg1_part1,ATAAGTTATTGTCAGCTTCTCTGTCCCTTGTGTCTCGCTG
9,ATGGCCATCAATTAGTAGTGTCGAATTGTTTAAAAACGAC,pDZ_PB2,TTTTATTCTCTCCATCATATTGAATATATTTGACCTGCTT
10,CAAGGGACAGAGAAGCTGACAATAACTTATTCGTCATCAA,Seg1_part2,AACAATTCGACACTACTAATTGATGGCCATCCGAATCCTT
11,CAGGAGTTCAAAATGATGAATCCAAATCAGAAAATAATAA,Seg6,AGGANTTTTTTTCTATTACATCTTATCGATGTCAAAAGGA
12,ATCGATAAGATGTAATAGAAAAAAANTCCTTGTTTCTACT,pDZ_NA,CTGATTTGGATTCATCATTTTGAACTCCTGCTTTTGCTCC
13,CAAACCATTTGAATGATGGATGTCAATCCGACTTTACTTT,Seg2,CAAGGCATTTTTTCACTATTTCTGCCGTCTGAGCTCTTCA
14,AGACGGCAGAAATAGTGAAAAAATGCCTTGTTTCTACTAA,pDZ_PB1,CGGATTGACATCCATCATTCAAATGGTTTGCCTGCTTTCG
15,AGATATTGAAAGATGATGAGTCTTCTAACCGAGGTCGAAA,Seg7,TTTACTCCAGCTCTATCCAGCTCTATGTTGACAAAATGAC
16,CAACATAGAGCTGGATAGAGCTGGAGTAAAAAACTACCTT,pDZ_M,GGTTAGAAGACTCATCATCTTTCAATATCTACCTGCTTTT
