,fw_cloning_primer,fw_cloning_primer_name,phusion_extension_time,product_length,re_cloning_primer,re_cloning_primer_name,template
0,"ID: <unknown id>
Name: <unknown name>
Description: <unknown description>
Number of features: 0
Seq('CAAACCATTTGAATGATGGATGTCAATCCGACTTTACTTT', DNAAlphabet())",Seg2_fw_cloning_primer,1.152,2304,"ID: <unknown id>
Name: <unknown name>
Description: <unknown description>
Number of features: 0
Seq('CAAGGCATTTTTTCACTATTTCTGCCGTCTGAGCTCTTCA', DNAAlphabet())",Seg2_re_cloning_primer,Seg2
1,"ID: <unknown id>
Name: <unknown name>
Description: <unknown description>
Number of features: 0
Seq('AGACGGCAGAAATAGTGAAAAAATGCCTTGTTTCTACTAA', DNAAlphabet())",pDZ_PB1_fw_cloning_primer,2.508,5016,"ID: <unknown id>
Name: <unknown name>
Description: <unknown description>
Number of features: 0
Seq('CGGATTGACATCCATCATTCAAATGGTTTGCCTGCTTTCG', DNAAlphabet())",pDZ_PB1_re_cloning_primer,pDZ_PB1
